{"stats":{"minecraft:picked_up":{"biomesoplenty:wilted_lily":1},"minecraft:custom":{"minecraft:jump":34,"minecraft:time_since_rest":1310,"minecraft:damage_dealt":209,"minecraft:crouch_one_cm":57,"minecraft:leave_game":1,"minecraft:sprint_one_cm":5393,"minecraft:play_time":1310,"minecraft:damage_taken":112,"minecraft:time_since_death":1310,"minecraft:walk_one_cm":4585,"minecraft:sneak_time":10,"minecraft:total_world_time":1310,"minecraft:fall_one_cm":840,"minecraft:fly_one_cm":6738,"minecraft:player_kills":1}},"DataVersion":3465}