{"stats":{"minecraft:mined":{"minecraft:tripwire_hook":1,"minecraft:player_head":1},"minecraft:picked_up":{"minecraft:cookie":1},"minecraft:custom":{"minecraft:jump":69,"minecraft:time_since_rest":15641,"minecraft:sprint_one_cm":691,"minecraft:damage_dealt":30,"minecraft:crouch_one_cm":1233,"minecraft:deaths":1,"minecraft:play_time":19850,"minecraft:damage_taken":270,"minecraft:time_since_death":15523,"minecraft:walk_one_cm":47280,"minecraft:sneak_time":714,"minecraft:total_world_time":19850,"minecraft:fall_one_cm":3725,"minecraft:fly_one_cm":669},"minecraft:killed_by":{"minecraft:spider":1}},"DataVersion":3465}