{"stats":{"minecraft:dropped":{"minecraft:bread":1,"minecraft:rotten_flesh":2,"regions_unexplored:hyssop":2,"regions_unexplored:daisy":3},"minecraft:picked_up":{"minecraft:wooden_axe":2,"minecraft:leather_chestplate":2,"minecraft:wooden_pickaxe":2,"minecraft:crimson_fungus":6,"minecraft:lapis_lazuli":6,"minecraft:string":1,"minecraft:dirt":3,"minecraft:leather_boots":4,"minecraft:acacia_planks":22,"minecraft:apple":6,"minecraft:beetroot":24,"minecraft:bow":2,"minecraft:wheat_seeds":1,"minecraft:bucket":2,"minecraft:stone_pickaxe":2,"minecraft:oak_planks":76,"minecraft:stick":48,"minecraft:raw_iron":18,"minecraft:cooked_porkchop":4,"epicfight:stone_greatsword":2,"minecraft:torch":12,"minecraft:acacia_log":6,"minecraft:porkchop":34,"minecraft:iron_horse_armor":2,"regions_unexplored:daisy":9,"minecraft:leather_helmet":2,"regions_unexplored:hyssop":7,"minecraft:rotten_flesh":4,"regions_unexplored:fireweed":6,"minecraft:stone_axe":2,"endermanoverhaul:crimson_pearl":2,"alexsmobs:emu_egg":1,"minecraft:emerald":54,"minecraft:saddle":4,"minecraft:gold_ingot":16,"minecraft:bread":125,"minecraft:black_wool":2,"minecraft:white_wool":6,"minecraft:cobblestone":156},"minecraft:crafted":{"minecraft:oak_planks":52,"minecraft:crafting_table":1,"minecraft:wooden_pickaxe":1,"epicfight:stone_greatsword":1,"minecraft:stone_axe":1,"minecraft:stick":32,"minecraft:wooden_axe":1,"minecraft:stone_pickaxe":1,"minecraft:acacia_planks":24},"minecraft:mined":{"minecraft:acacia_log":7,"minecraft:grass_block":1,"minecraft:tall_grass":1,"regions_unexplored:daisy":3,"regions_unexplored:hyssop":3,"minecraft:grass":9,"regions_unexplored:medium_grass":1,"minecraft:stone":28,"regions_unexplored:fireweed":4},"minecraft:used":{"minecraft:oak_planks":24,"minecraft:wooden_pickaxe":28,"minecraft:leather_boots":1,"minecraft:crafting_table":1,"regions_unexplored:hyssop":1,"regions_unexplored:fireweed":2,"minecraft:wooden_axe":7,"minecraft:apple":1,"minecraft:bread":13,"epicfight:stone_greatsword":4,"alexsmobs:animal_dictionary":3,"minecraft:acacia_planks":11,"alexsmobs:emu_egg":1},"minecraft:custom":{"minecraft:mob_kills":3,"minecraft:interact_with_crafting_table":3,"minecraft:open_barrel":11,"minecraft:leave_game":9,"minecraft:time_since_death":11330,"minecraft:sleep_in_bed":2,"minecraft:climb_one_cm":12492,"minecraft:time_since_rest":11353,"minecraft:sprint_one_cm":240614,"minecraft:damage_taken":1994,"minecraft:walk_one_cm":216794,"minecraft:drop":8,"minecraft:damage_dealt":906,"minecraft:fly_one_cm":268660,"minecraft:open_chest":45,"minecraft:crouch_one_cm":2053,"minecraft:play_time":42197,"minecraft:deaths":6,"minecraft:sneak_time":432,"minecraft:jump":786,"minecraft:total_world_time":42197,"minecraft:fall_one_cm":14589},"minecraft:killed_by":{"alexsmobs:rhinoceros":2,"endermanoverhaul:crimson_forest_enderman":3,"minecraft:zombie":1},"minecraft:killed":{"minecraft:spider":1,"endermanoverhaul:crimson_forest_enderman":1,"spawn:ant":1}},"DataVersion":3465}