{"stats":{"minecraft:dropped":{"minecraft:bread":1,"minecraft:rotten_flesh":2,"regions_unexplored:hyssop":2,"regions_unexplored:daisy":3},"minecraft:picked_up":{"minecraft:crimson_fungus":6,"minecraft:dirt":1,"regions_unexplored:daisy":9,"minecraft:string":1,"regions_unexplored:hyssop":7,"minecraft:rotten_flesh":4,"regions_unexplored:fireweed":6,"minecraft:wheat_seeds":1,"endermanoverhaul:crimson_pearl":2,"minecraft:bread":1},"minecraft:killed_by":{"endermanoverhaul:crimson_forest_enderman":3,"minecraft:zombie":1},"minecraft:mined":{"regions_unexplored:hyssop":3,"minecraft:grass":9,"minecraft:grass_block":1,"minecraft:tall_grass":1,"regions_unexplored:medium_grass":1,"regions_unexplored:daisy":3,"regions_unexplored:fireweed":4},"minecraft:custom":{"minecraft:time_since_rest":11051,"minecraft:sprint_one_cm":145823,"minecraft:damage_taken":1264,"minecraft:walk_one_cm":138706,"minecraft:mob_kills":3,"minecraft:drop":8,"minecraft:damage_dealt":573,"minecraft:interact_with_crafting_table":1,"minecraft:fly_one_cm":141112,"minecraft:open_barrel":10,"minecraft:open_chest":40,"minecraft:crouch_one_cm":621,"minecraft:play_time":19948,"minecraft:deaths":4,"minecraft:sneak_time":167,"minecraft:jump":395,"minecraft:leave_game":2,"minecraft:time_since_death":14984,"minecraft:sleep_in_bed":1,"minecraft:total_world_time":19948,"minecraft:climb_one_cm":12460,"minecraft:fall_one_cm":6483},"minecraft:killed":{"minecraft:spider":1,"spawn:ant":1,"endermanoverhaul:crimson_forest_enderman":1},"minecraft:used":{"regions_unexplored:fireweed":2,"minecraft:bread":7,"minecraft:leather_boots":1,"alexsmobs:animal_dictionary":3,"regions_unexplored:hyssop":1}},"DataVersion":3465}