{"stats":{"minecraft:dropped":{"minecraft:rotten_flesh":2,"regions_unexplored:hyssop":2,"regions_unexplored:daisy":3},"minecraft:picked_up":{"regions_unexplored:hyssop":7,"minecraft:rotten_flesh":4,"regions_unexplored:fireweed":6,"minecraft:wheat_seeds":1,"endermanoverhaul:crimson_pearl":2,"minecraft:crimson_fungus":6,"minecraft:string":1,"regions_unexplored:daisy":9},"minecraft:killed_by":{"minecraft:zombie":1,"endermanoverhaul:crimson_forest_enderman":3},"minecraft:mined":{"minecraft:grass":9,"regions_unexplored:hyssop":3,"regions_unexplored:medium_grass":1,"regions_unexplored:daisy":3,"regions_unexplored:fireweed":4},"minecraft:custom":{"minecraft:crouch_one_cm":572,"minecraft:time_since_rest":3076,"minecraft:deaths":4,"minecraft:play_time":8016,"minecraft:sprint_one_cm":64448,"minecraft:damage_taken":1214,"minecraft:walk_one_cm":43880,"minecraft:sneak_time":76,"minecraft:mob_kills":3,"minecraft:drop":7,"minecraft:jump":201,"minecraft:damage_dealt":573,"minecraft:leave_game":1,"minecraft:time_since_death":3052,"minecraft:climb_one_cm":6648,"minecraft:total_world_time":8016,"minecraft:fly_one_cm":76700,"minecraft:fall_one_cm":3689},"minecraft:killed":{"minecraft:spider":1,"spawn:ant":1,"endermanoverhaul:crimson_forest_enderman":1},"minecraft:used":{"regions_unexplored:fireweed":2,"alexsmobs:animal_dictionary":3,"regions_unexplored:hyssop":1}},"DataVersion":3465}