{"stats":{"minecraft:picked_up":{"biomesoplenty:dried_salt":2,"biomesoplenty:dead_log":4,"biomesoplenty:dead_planks":8,"biomesoplenty:wilted_lily":1,"alexsmobs:emu_egg":1},"minecraft:used":{"alexsmobs:emu_egg":1,"biomesoplenty:dried_salt":2,"minecraft:crafting_table":1,"biomesoplenty:wilted_lily":1},"minecraft:killed_by":{"minecraft:player":1},"minecraft:mined":{"biomesoplenty:dead_log":3,"biomesoplenty:dried_salt":2,"biomesoplenty:wilted_lily":2},"minecraft:custom":{"minecraft:time_since_rest":1211,"minecraft:crouch_one_cm":1357,"minecraft:play_time":15950,"minecraft:sprint_one_cm":46234,"minecraft:deaths":2,"minecraft:damage_taken":250,"minecraft:walk_one_cm":22925,"minecraft:sneak_time":294,"minecraft:jump":393,"minecraft:damage_dealt":199,"minecraft:time_since_death":1175,"minecraft:total_world_time":15950,"minecraft:interact_with_crafting_table":4,"minecraft:fall_one_cm":12029,"minecraft:fly_one_cm":89727},"minecraft:crafted":{"biomesoplenty:dead_planks":16,"minecraft:crafting_table":1,"minecraft:stick":16,"minecraft:wooden_axe":1}},"DataVersion":3465}