{"stats":{"minecraft:picked_up":{"biomesoplenty:dried_salt":1},"minecraft:used":{"biomesoplenty:dried_salt":1},"minecraft:mined":{"biomesoplenty:wilted_lily":1,"biomesoplenty:dried_salt":1},"minecraft:custom":{"minecraft:jump":94,"minecraft:time_since_rest":3950,"minecraft:damage_dealt":82,"minecraft:crouch_one_cm":87,"minecraft:sprint_one_cm":10533,"minecraft:play_time":3950,"minecraft:damage_taken":19,"minecraft:time_since_death":3950,"minecraft:walk_one_cm":4995,"minecraft:sneak_time":9,"minecraft:total_world_time":3950,"minecraft:fall_one_cm":3669,"minecraft:fly_one_cm":21632}},"DataVersion":3465}