{"stats":{"minecraft:used":{"minecraft:dirt":1},"minecraft:picked_up":{"minecraft:dirt":1},"minecraft:mined":{"minecraft:grass_block":1,"minecraft:oak_leaves":1},"minecraft:custom":{"minecraft:jump":84,"minecraft:time_since_rest":44344,"minecraft:crouch_one_cm":139,"minecraft:sprint_one_cm":567,"minecraft:leave_game":1,"minecraft:play_time":44344,"minecraft:damage_taken":60,"minecraft:time_since_death":44344,"minecraft:walk_one_cm":30571,"minecraft:sneak_time":238,"minecraft:total_world_time":44344,"minecraft:talked_to_villager":1,"minecraft:fly_one_cm":16990}},"DataVersion":3465}