{"stats":{"minecraft:used":{"crittersandcompanions:red_panda_spawn_egg":1,"minecraft:dirt":1,"minecraft:player_head":1},"minecraft:picked_up":{"minecraft:bone":2,"minecraft:player_head":1,"alexsmobs:maggot":2,"minecraft:dirt":1},"minecraft:mined":{"minecraft:grass_block":1,"minecraft:oak_leaves":1},"minecraft:custom":{"minecraft:open_barrel":1,"minecraft:time_since_rest":87756,"minecraft:play_time":87756,"minecraft:crouch_one_cm":3230,"minecraft:sprint_one_cm":4540,"minecraft:damage_taken":80,"minecraft:walk_one_cm":108757,"minecraft:sneak_time":1571,"minecraft:jump":181,"minecraft:damage_dealt":155,"minecraft:leave_game":3,"minecraft:time_since_death":87756,"minecraft:total_world_time":87756,"minecraft:tune_noteblock":69,"minecraft:talked_to_villager":1,"minecraft:fall_one_cm":1208,"minecraft:fly_one_cm":29147}},"DataVersion":3465}