{"stats":{"minecraft:picked_up":{"minecraft:moss_carpet":1},"minecraft:custom":{"minecraft:jump":22,"minecraft:time_since_rest":20200,"minecraft:damage_dealt":80,"minecraft:leave_game":10,"minecraft:sprint_one_cm":3307,"minecraft:play_time":20200,"minecraft:time_since_death":20200,"minecraft:walk_one_cm":35335,"minecraft:total_world_time":20200,"minecraft:fly_one_cm":27264},"minecraft:used":{"alexsmobs:animal_dictionary":1,"aether:white_moa_egg":2,"minecraft:spruce_trapdoor":2,"endermanoverhaul:crimson_forest_enderman_spawn_egg":1}},"DataVersion":3465}