{"stats":{"minecraft:custom":{"minecraft:jump":8,"minecraft:time_since_rest":3138,"minecraft:leave_game":1,"minecraft:sprint_one_cm":564,"minecraft:play_time":3138,"minecraft:time_since_death":3138,"minecraft:walk_one_cm":9831,"minecraft:total_world_time":3138,"minecraft:fall_one_cm":418,"minecraft:fly_one_cm":633},"minecraft:mined":{"ecologics:coconut_log":1,"minecraft:sand":9},"minecraft:picked_up":{"ecologics:coconut_log":1,"minecraft:sand":6},"minecraft:used":{"minecraft:sand":2}},"DataVersion":3465}