{"stats":{"minecraft:used":{"minecraft:dirt":1},"minecraft:picked_up":{"minecraft:dirt":1},"minecraft:mined":{"minecraft:grass_block":1,"minecraft:oak_leaves":1},"minecraft:custom":{"minecraft:jump":47,"minecraft:time_since_rest":32344,"minecraft:crouch_one_cm":139,"minecraft:sprint_one_cm":489,"minecraft:leave_game":1,"minecraft:play_time":32344,"minecraft:damage_taken":60,"minecraft:time_since_death":32344,"minecraft:walk_one_cm":15007,"minecraft:sneak_time":70,"minecraft:total_world_time":32344,"minecraft:fly_one_cm":1405}},"DataVersion":3465}