{"stats":{"minecraft:used":{"minecraft:sand":1},"minecraft:mined":{"minecraft:dead_bush":1,"minecraft:sand":10},"minecraft:custom":{"minecraft:jump":54,"minecraft:time_since_rest":7643,"minecraft:damage_dealt":126,"minecraft:leave_game":1,"minecraft:sprint_one_cm":3237,"minecraft:play_time":7643,"minecraft:damage_taken":60,"minecraft:time_since_death":7643,"minecraft:walk_one_cm":6068,"minecraft:total_world_time":7643,"minecraft:fall_one_cm":1045,"minecraft:fly_one_cm":11597},"minecraft:picked_up":{"minecraft:sand":9,"minecraft:stick":1,"minecraft:cactus":1}},"DataVersion":3465}