{"stats":{"minecraft:used":{"minecraft:dirt":1},"minecraft:picked_up":{"minecraft:bone":2,"alexsmobs:maggot":2,"minecraft:dirt":1},"minecraft:mined":{"minecraft:grass_block":1,"minecraft:oak_leaves":1},"minecraft:custom":{"minecraft:jump":149,"minecraft:time_since_rest":75756,"minecraft:leave_game":3,"minecraft:damage_dealt":155,"minecraft:crouch_one_cm":1602,"minecraft:sprint_one_cm":3416,"minecraft:play_time":75756,"minecraft:damage_taken":60,"minecraft:time_since_death":75756,"minecraft:walk_one_cm":60667,"minecraft:sneak_time":740,"minecraft:total_world_time":75756,"minecraft:talked_to_villager":1,"minecraft:fly_one_cm":27025}},"DataVersion":3465}