{"stats":{"minecraft:picked_up":{"biomesoplenty:dead_log":10},"minecraft:mined":{"biomesoplenty:dead_log":11},"minecraft:custom":{"minecraft:jump":56,"minecraft:time_since_rest":14354,"minecraft:damage_dealt":76,"minecraft:sprint_one_cm":5065,"minecraft:play_time":14354,"minecraft:damage_taken":130,"minecraft:time_since_death":14354,"minecraft:walk_one_cm":15911,"minecraft:total_world_time":14354,"minecraft:interact_with_crafting_table":1,"minecraft:fly_one_cm":6276},"minecraft:crafted":{"biomesoplenty:dead_planks":40}},"DataVersion":3465}