{"stats":{"minecraft:used":{"minecraft:dirt":1},"minecraft:picked_up":{"minecraft:dirt":1},"minecraft:mined":{"minecraft:grass_block":1,"minecraft:oak_leaves":1},"minecraft:custom":{"minecraft:jump":89,"minecraft:time_since_rest":55330,"minecraft:leave_game":2,"minecraft:crouch_one_cm":183,"minecraft:sprint_one_cm":1091,"minecraft:play_time":55330,"minecraft:damage_taken":60,"minecraft:time_since_death":55330,"minecraft:walk_one_cm":33822,"minecraft:sneak_time":255,"minecraft:total_world_time":55330,"minecraft:talked_to_villager":1,"minecraft:fly_one_cm":21986}},"DataVersion":3465}