{"stats":{"minecraft:used":{"minecraft:dirt":1},"minecraft:picked_up":{"minecraft:dirt":1},"minecraft:mined":{"minecraft:grass_block":1,"minecraft:oak_leaves":1},"minecraft:custom":{"minecraft:jump":96,"minecraft:time_since_rest":66962,"minecraft:damage_dealt":20,"minecraft:leave_game":3,"minecraft:crouch_one_cm":183,"minecraft:sprint_one_cm":1203,"minecraft:play_time":66962,"minecraft:damage_taken":60,"minecraft:time_since_death":66962,"minecraft:walk_one_cm":37542,"minecraft:sneak_time":292,"minecraft:total_world_time":66962,"minecraft:talked_to_villager":1,"minecraft:fly_one_cm":22292}},"DataVersion":3465}