{"stats":{"minecraft:picked_up":{"minecraft:stick":4,"minecraft:wheat_seeds":1,"alexsmobs:acacia_blossom":1,"minecraft:acacia_log":11,"minecraft:oak_log":4,"minecraft:moss_carpet":1},"minecraft:custom":{"minecraft:open_chest":25,"minecraft:time_since_rest":29045,"minecraft:interact_with_loom":1,"minecraft:damage_taken":10,"minecraft:play_time":29045,"minecraft:sprint_one_cm":10230,"minecraft:walk_one_cm":76199,"minecraft:jump":59,"minecraft:damage_dealt":80,"minecraft:interact_with_blast_furnace":6,"minecraft:leave_game":13,"minecraft:time_since_death":29045,"minecraft:total_world_time":29045,"minecraft:interact_with_crafting_table":2,"minecraft:fall_one_cm":753,"minecraft:fly_one_cm":38386},"minecraft:used":{"endermanoverhaul:crimson_forest_enderman_spawn_egg":1,"alexsmobs:animal_dictionary":1,"minecraft:leather_helmet":1,"aether:white_moa_egg":2,"minecraft:spruce_trapdoor":2},"minecraft:mined":{"minecraft:grass":2,"minecraft:acacia_log":11,"minecraft:oak_log":4,"spawn:anthill":1,"minecraft:acacia_leaves":6,"spawn:ant_mound":4}},"DataVersion":3465}