{"stats":{"minecraft:mined":{"minecraft:dead_bush":1,"minecraft:sand":10},"minecraft:custom":{"minecraft:jump":53,"minecraft:time_since_rest":2928,"minecraft:damage_dealt":126,"minecraft:leave_game":1,"minecraft:sprint_one_cm":3237,"minecraft:play_time":2928,"minecraft:damage_taken":60,"minecraft:time_since_death":2928,"minecraft:walk_one_cm":4544,"minecraft:total_world_time":2928,"minecraft:fall_one_cm":1045,"minecraft:fly_one_cm":11597},"minecraft:used":{"minecraft:sand":1},"minecraft:picked_up":{"minecraft:stick":1,"minecraft:sand":9}},"DataVersion":3465}